Nome do alimento,"Hidratos de carbono 
[g]"
"Abacate, Hass",2.3
Abóbora cristalizada,72.4
Abóbora crua,1.7
Abrótea cozida,0
Abrótea crua,0
Açafrão,61.5
Açafrão-da-índia seco,44.1
Acelga crua,2.7
Açorda,13.1
Açorda à alentejana,12.3
Açorda de bacalhau,5.7
Açorda de marisco,5.4
Açorda de ovo,14
Açúcar amarelo,97.5
Açúcar branco,99.3
Agrião cru,0.4
"Água mineral natural gaseificada, ""Água Castello""",0
"Água mineral natural gaseificada, ""Vimeiro""",0
"Água mineral natural gasocarbónica, ""Pedras Salgadas""",0
"Água mineral natural, ""Luso""",0
"Água, rede pública de abastecimento (Lisboa)",0
Aguardente,0
Aipo cru,1.5
Alcachofra cozida,5.3
Alcachofra crua,6.8
Alcaparras (picles),4.9
Alecrim fresco,13.5
"Alecrim, seco",46.4
Alface,0.8
Alface roxa,1.4
Alheira cozida sem adição de sal,26.8
Alheira crua,27.4
Alheira grelhada sem adição de sal,28.5
Alho cru,11.3
Alho em pó,52.3
Alho-francês cru,2.9
Almôndegas de porco,29.2
Almôndegas de vaca,6.4
Almôndegas de vaca e porco ,3.8
Amêijoa aberta ao natural sem sal,5.2
Amêijoa crua,2.6
Amêijoas à Bulhão Pato,3.2
Ameixa branca,7.8
Ameixa encarnada,7.4
Ameixa rainha Cláudia,11.8
Ameixa seca,37.8
"Ameixa, conserva em calda de açúcar",27.5
"Amêndoa, miolo, com pele",7.2
"Amêndoa, miolo, torrada, sem pele",7.1
"Amendoim, miolo",10.1
"Amendoim, miolo, torrado com sal",6.6
"Amendoim, miolo, torrado sem sal",9.5
Amora,4.5
Ananás ,9.5
Ananás desidratado,72.8
"Ananás, conserva em calda de açúcar",23.2
"Anchova, conserva em óleo, escorrido",0
Anona,16.8
Anona desidratada,71.6
Arroz à valenciana,7.7
Arroz agulha cru,78.1
Arroz carolino branqueado cru,79.6
Arroz cozido simples,28
Arroz de bacalhau,15.3
Arroz de bacalhau com margarina,12.2
Arroz de cabidela,12.2
Arroz de cenoura com azeite,19.9
Arroz de ervilhas,18
Arroz de feijão,20.8
Arroz de frango,25.2
Arroz de frango com feijão e chouriço,8.8
Arroz de frango malandrinho à moda de Monção,9.3
Arroz de gambas,8.8
Arroz de lulas,6.7
Arroz de manteiga,44.4
Arroz de marisco,8.2
Arroz de pato,8.4
Arroz de peixe,15.5
Arroz de peixe com ervilhas,19.8
Arroz de polvo com azeite,10.9
Arroz de polvo com tomate ,10
Arroz de polvo com tomate e vinho,6.9
Arroz de tamboril,7.1
Arroz de tamboril malandrinho,10
Arroz de tomate com azeite,20.1
Arroz de tomate com margarina,20.2
Arroz de tomate malandrinho,16.8
Arroz doce,45.2
Arroz integral cru,71.6
Atum conserva em óleo,0
Atum de cebolada,2.6
Atum fresco cru,0
Atum fresco grelhado,0
"Avelã, miolo",6
Azeite (4 marcas),0
Azeitona,0
Bacalhau à Brás,8.3
Bacalhau à Brás com azeite,6.5
Bacalhau à Brás com azeite e azeitonas,6.5
Bacalhau à Gomes de Sá,13.1
"Bacalhau à Gomes de Sá, com azeite",7.4
Bacalhau assado no forno com azeite,0.8
Bacalhau com natas,9.2
"Bacalhau com natas, com queijo ralado",7.6
Bacalhau cozido,0
Bacalhau fresco cozido,0
Bacalhau fresco cru,0
Bacalhau grelhado,0
"Bacalhau seco e salgado, demolhado cru",0
Baço de porco,0.4
Bacon,0
"Bacon, grelhado sem adição de sal",0
Bagas goji secas,51.8
Banana,21.8
Banha de porco,0
Base em pó para bebida de ananás,89.5
Base em pó para bebida de laranja,88.9
"Batata assada com pele, sem sal (só a polpa)",19.2
Batata assada no forno,24.8
Batata cozida,18.5
Batata crua,19.2
Batata doce assada,28.3
Batata doce crua,28.3
"Batata estufada com cebola, azeite e óleo alimentar",14.5
Batata frita caseira (em palitos),27.6
"Batata frita, de pacote (em rodelas)",39
"Batata, fécula",85
"Bebida à base de soja com açúcar, com cálcio, sal e aromas",4.2
"Bebida à base de soja com açúcar, sal e aromas",6.4
"Bebida à base de soja natural, sem açúcar e sem sal",0.4
"Bebida refrigerante, cola",9
"Bebida refrigerante, cola sem açúcar",0
"Bebida refrigerante, gasosa",7
"Bebida refrigerante, laranja",10.5
Beldroega crua,1
Berbigão aberto ao natural sem sal,5.4
Berbigão cru,2.7
Beringela crua,2.4
Beringela grelhada com azeite,4.3
Besugo cru,0
Beterraba (raiz) cozida sem sal,3.4
Beterraba (raiz) crua,3.5
"Bife de atum fresco, estufado com azeite e vinho",0.2
"Bife de cavalo, alcatra crua",0
"Bife de cavalo, alcatra frita com manteiga",0
"Bife de cavalo, alcatra frita com margarina",0
"Bife de cavalo, alcatra frita, sem molho",0
"Bife de espadarte, estufado com azeite e vinho",0.4
Bife de porco grelhado,0.7
"Bife de vaca (valor médio de acém, alcatra e lombo) cru",0
"Bife de vaca (valor médio de acém, alcatra e lombo) frito com manteiga",0.1
"Bife de vaca (valor médio de acém, alcatra e lombo) frito, sem molho",0
"Bife de vaca (valor médio de acém, alcatra e lombo) grelhado",0
Bife de vaca à café,1.6
Bife de vaca à Marrare com manteiga,0.9
Bife de vaca à Marrare com margarina,0.8
Bife de vaca com ovo a cavalo com banha,0.5
Bife de vaca com ovo a cavalo com manteiga,0.6
Bife de vitela cru,0.2
Bife de vitela frito,0.4
Biscoitos caseiros,73.4
Biscoitos limão,77.9
"Biscoitos, argolas",69.7
"Biscoitos, línguas de gato",84.1
"Biscoitos, línguas de veado",65.1
"Biscoitos, palitos la Reine",66.6
Bola de Berlim sem creme,43.7
"Bolacha ""Belga""",70.1
"Bolacha ""Cream cracker""",61.6
"Bolacha ""waffer"" baunilha",55.3
Bolacha água e sal,61
Bolacha aveia,57.5
Bolacha chocolate,65.4
Bolacha integral (trigo),65.6
Bolacha manteiga,65.2
Bolacha Maria,72
Bolacha torrada,68.5
Bolo de arroz,62.7
Bolo de bolacha Maria,46.3
Bolo de chocolate,47
Bolo de coco,37.8
Bolo ferradura,71.6
Bolo inglês,57
Bolo-Rei,57.4
Brandy,0
Brócolos cozidos,1.3
Brócolos crus,1.5
Bulgur,65.6
Búzio cru,2.3
Cabeça de porco,0.3
Cação cru,0
Cação frito,2.7
Cacau em pó,11.1
Cachaço de vaca cru,0.3
Cachucho cru,0
Café solúvel em pó com cafeína,41.1
Café solúvel em pó descafeinado,42.6
"Café, infusão - bica (3 marcas)",0.3
"Café, infusão - café de cafeteira (3 marcas)",0.3
"Café, infusão - carioca (2 marcas)",0.3
"Café, infusão - valor médio (bica 60% e café de cafeteira 40%)",0.3
Caldeirada de bacalhau,7.1
Caldeirada de bacalhau com enchidos e massa,9.7
Caldeirada de cabrito com azeite e banha,8.3
Caldeirada de cabrito com azeite e margarina,8.3
Caldeirada de enguias,8.2
Caldeirada de enguias à moda de Aveiro,5.3
Caldeirada de pargo e peixe-espada-preto,4.4
Caldeirada de peixe,4.4
Caldeirada de safio com amêijoas,5.8
Caldeirada de safio com batatas,7.2
"Caldeirada de safio, raia e tamboril",9.8
Caldo preparado com cubo de carne de galinha (diluição 2%),0.2
Caldo preparado com cubo de carne de vaca (diluição 2%),0.2
Camarão cozido,0.4
Camarão cozido sem sal,0.3
Camarão cru,0.3
Canela moída,55.5
Canja de frango com aipo,2.3
Canja de frango com massa,2.1
Canónigos crus,2
"Cantarilho (Redfish) assado com cebola, tomate, azeite e bacon",1.2
"Cantarilho (Redfish) com batata, no forno",5.7
Cantarilho (Redfish) cozido,0
Cantarilho (Redfish) cru,0
Cantarilho (Redfish) no forno,1.1
Caracol cru,2
Carambola,7.1
Carapau cru,0
Carapau frito,1
Carapau grelhado,0
Cardamomo verde,49.5
Caril em pó,25.2
Carne à bolonhesa,15.6
Carne à jardineira,5.6
Carne de porco à alentejana,1.8
Carne de porco à alentejana sem massa de pimentão,2.2
Caseína,0
Castanha assada com sal,45.5
Castanha cozida sem sal,35.9
Castanha de caju torrada  e salgada,19.4
"Castanha de caju torrada, sem sal",19.4
Castanha do Brasil,2.6
Castanha pilada,70
"Castanha, miolo",39.8
Cavala cozida,0
Cavala crua,0
"Cavala em filetes, conserva em azeite",0
Cavala grelhada,0.6
Cavala no forno,2.3
Cebola cozida,2.4
Cebola crua,3.1
"Cebola doce, crua",4.9
Cebola frita com óleo alimentar,6.2
"Cebola roxa, crua",8.6
Cebolinho fresco,1.7
Cenoura baby crua,4.9
Cenoura cozida,3.6
Cenoura crua,4.4
"Cereal de pequeno almoço à base de farelo de trigo (tipo ""All-Bran"")",39.8
"Cereal de pequeno almoço de trigo integral tipo ""Weetabix""",71.5
Cerefólio fresco,12
Cereja (4 variedades),13.3
Cereja desidratada,72.6
"Cereja, conserva em calda de açúcar",28.7
"Cereja, cristalizada",79.9
Cerveja branca,0.5
Cerveja preta,0.6
Cerveja sem álcool,1.5
"Chá, infusão, preto",0
"Chá, infusão, verde",0
Chambão de vitela cru,0.2
Chamuça,39.3
Cherne cozido,0
Cherne cru,0
Cherne grelhado,0
Chicharro cozido,0
Chicharro cru,0
Chicharro grelhado,0
Chicória crua,0.9
Chispe de porco,0.2
Choco cru,0
Choco grelhado,0
Chocolate de leite,53.1
"Chocolate em barra, culinária",44
Chocolate em pó,63.8
Chocolate negro (aproximadamente 50% cacau),52.6
"Chouriço de carne de porco, cru",0
"Chouriço de carne de porco, gordo, cru",0
"Chouriço de carne de porco, magro, cozido sem adição de sal",0
"Chouriço de carne de porco, magro, cru",0
"Chouriço de carne de porco, magro, grelhado sem adição de sal",0
Chouriço de sangue cozido sem adição de sal,0
"Chouriço de sangue, cru",0
Chuchu,2.9
Chucrute,1.1
"Clara de ovo de galinha, crua",0
"Clara de ovo de galinha, pasteurizada",1
Clementina,11.1
"Coco seco, ralado",6.4
"Codorniz carne sem pele, crua ",0
"Codorniz com pele, crua",0
"Codorniz com pele, estufada com azeite",0.7
"Codorniz com pele, grelhada",0
Coelho à caçador,1.6
Coelho cru,0
Coelho em vinha de alhos,1.4
Coelho estufado,0.9
Coelho estufado com azeite,0.9
Coelho estufado com margarina,0.9
Coentros crus,1.8
Cogumelos crus,0.5
"Cogumelos enlatados, escorridos",0
Cogumelos fritos com óleo alimentar,0.3
Colorau,35
Cominhos,34
Compota de ameixa,49.2
Compota de ananás,50.8
Compota de cereja,61.9
Compota de damasco,58.9
Compota de laranja,59.5
Condimento de mostarda,18.5
Coração de galinha cru,0.7
"Coração de porco, cru",0
"Coração de porco, estufado com banha e margarina",1
"Coração de vaca, cozido",0
"Coração de vaca, cru",0
"Coração de vaca, estufado com banha e margarina",0.9
"Coração de vitela, cru",0
Corvina cozida,0
Corvina crua,0
Costeleta de cabrito crua,0
Costeleta de cabrito grelhada,0
"Costeleta de carneiro, crua",0
Costeleta de porco gorda crua,0
Costeleta de porco gorda grelhada,0
Costeleta de porco grelhada,0.8
Costeleta de porco meio gorda crua,0
Costeleta de porco meio gorda estufada,0.7
Costeleta de porco meio gorda estufada com azeite e banha,0.7
Costeleta de porco meio gorda estufada com azeite e margarina,0.7
Costeleta de porco meio gorda estufada com margarina,0.7
Costeleta de porco meio gorda estufada com óleo alimentar e banha,0.7
"Costeleta de porco meio gorda estufada, sem molho",0
Costeleta de porco meio gorda frita panada,8.6
Costeleta de porco meio gorda grelhada,0
Costeleta de vitela crua,0
Costeleta de vitela frita com margarina,0
Costeleta de vitela frita panada,3.4
"Costeleta de vitela frita, sem molho",0
Costeleta de vitela grelhada,0
Costeleta ou perna de borrego assada com azeite e margarina,0
Costeleta ou perna de borrego assada com margarina,0
"Costeleta ou perna de borrego frita com margarina, sem molho",0
"Costeleta ou perna de borrego, assada, sem molho",0
"Costeleta ou perna de borrego, cozida ",0
"Costeleta ou perna de borrego, crua ",0
"Costeleta ou perna de borrego, estufada com azeite e margarina",1.6
"Costeleta ou perna de borrego, estufada com margarina",1.6
"Costeleta ou perna de borrego, estufada sem molho",0
"Costeleta ou perna de borrego, grelhada",0
"Costeleta ou perna de carneiro magra frita com margarina, sem molho",0
Couve-branca cozida,2.2
Couve-branca crua,3.5
Couve-de-Bruxelas cozida,3.5
Couve-de-Bruxelas crua,4
Couve-flor cozida,2.3
Couve-flor crua,3.3
Couve-galega cozida,2.9
Couve-galega crua,3.1
Couve-lombarda cozida,1.4
Couve-lombarda crua,2.1
Couve-portuguesa cozida,2.5
Couve-portuguesa crua,3.5
Couve-roxa crua,3.9
Cozido à portuguesa,6.2
Cozido à portuguesa com grão,20.5
Cravinho,52
Creme culinário,0
"Creme culinário líquido, 65% gordura, com sal",0
Creme de camarão,1.7
Creme de camarão com natas,1.9
Creme de ervilhas,3
Creme para barrar de cacau e avelãs (8 marcas),54.7
"Creme vegetal culinário, 75% gordura, sem sal",0.4
"Creme vegetal para barrar  72% gordura, 33% ácidos gordos polinsaturados",0.4
"Creme vegetal para barrar 35% gordura, com fitosteróis",3.2
Creme vegetal para barrar 37% gordura,0.2
"Creme vegetal para barrar 58% gordura, com cálcio",0.5
"Creme vegetal para barrar 70% gordura, 53% ácidos gordos monoinsaturados",0.5
"Creme vegetal para barrar 70% gordura, com sal",0.3
Croissant,42.2
Croquete,23.1
Croquete de carne de vaca meio-gorda,19.1
Cubo de carne de galinha para caldo,9
Cubo de carne de vaca para caldo,8
Curgete crua,2
Curgete frita com óleo alimentar,2.5
Damasco,8.5
Damasco seco,41.2
"Damasco, conserva em calda de açúcar",39.3
Dióspiro,14.8
Dióspiro desidratado,80.8
Doce de cereja,64.9
Doce de damasco,57.4
Doce de framboesa,59.7
Doce de ginja,64.8
Doce de maçã,59
Doce de morango,60.5
Doce de pêssego,51.3
Donut,43
Donut recheado com doce de fruta,47
Dourada cozida,0
Dourada crua,0
Dourada grelhada,0
Éclair de chocolate,36.5
Empada,33.9
Empadão de atum,10.7
Empadão de bacalhau,10.9
Empadão de carne com manteiga,10.7
Empadão de carne com margarina,10.7
Empadão de carne guisada,10.9
Empadão de pescada e camarão,11
Endívia crua,1.2
Enguia crua,0
Enguia frita,3.2
Entrecosto de porco cozido,0
Entrecosto de porco cru,0
Entrecosto de porco estufado com azeite e banha,0.7
Entrecosto de porco estufado com azeite e margarina,0.7
Entrecosto de porco estufado com margarina,0.7
Entrecosto de porco estufado com óleo alimentar e banha,0.7
"Entrecosto de porco estufado, sem molho",0
Entrecosto de porco grelhado,0
Ervilhas estufadas,9.6
Ervilhas secas cozidas,18.1
Ervilhas secas cruas,49.4
"Ervilhas, grão, congeladas cozidas",7.5
"Ervilhas, grão, congeladas cruas",7
"Ervilhas, grão, frescas cozidas",7.9
"Ervilhas, grão, frescas cruas",8.6
"Ervilhas, vagens cozidas",3.5
"Ervilhas, vagens cruas",3.9
Espadarte cru,0
Espadarte grelhado,0
Espargos cozidos,2.2
Espargos crus,2.7
Esparguete cozido,19.9
Esparguete cru,71.1
Esparguete estufado com cenoura e azeite,17.6
Esparguete estufado com cenoura e margarina,17.6
Espetada de porco grelhada,1.3
Espetada de vaca grelhada,0.8
Espinafres crus,0.8
Estragão fresco,6.3
Estragão seco,42.8
Faneca crua,0.1
Farelo de trigo,24.9
Farinha de alfarroba,85.6
Farinha de aveia,57
Farinha de centeio,77.3
Farinha de centeio tipo 70,78.5
Farinha de centeio tipo 85,76
Farinha de cevada,64.4
Farinha de espelta,61.8
Farinha de milho tipo 70,75.3
Farinha de pau (mandioca),84.6
Farinha de trigo (valor médio tipo 150 e tipo 55),73.7
Farinha de trigo integral,65.2
Farinha de trigo tipo 150,73
Farinha de trigo tipo 55,74.3
"Farinha láctea 5 frutos tipo ""Cerelac"" (com farinha de trigo)",65
"Farinha láctea maçãs tipo ""Cerelac"" (com farinha de trigo)",66
"Farinha láctea tipo ""Cerelac"" (com farinha de trigo)",68
Farinheira cozida sem adição de sal,26.4
Farinheira crua,26.7
Favada à portuguesa,8.4
Favas frescas cozidas,7.4
Favas frescas cruas,8.5
Favas secas cozidas (demolhadas),10.7
Favas secas cruas,32.8
Feijão branco cozido (demolhado),14.6
"Feijão branco, cru, seco",43.9
"Feijão catarino, cru, seco",47.9
"Feijão encarnado, cru, seco",47.9
"Feijão frade, cru, seco",55.3
"Feijão frade, demolhado, cozido",18.1
Feijão manteiga cozido (demolhado),14
"Feijão manteiga, cru, seco",42.6
"Feijão preto, cru, seco",47.9
Feijão-verde fresco cozido,3.5
Feijão-verde fresco cru,3.8
Feijoa (polpa),9.8
Feijoada com carne de porco,13.3
Feijoada com carne de porco e de vaca,13.3
Feijoada com enchidos e ovos,14.1
Fermento em pó,34.4
Fermento fresco de padeiro,1
Fermento seco de padeiro,3.2
Fiambre de aves,2.7
Fiambre de porco,1.3
"Fiambre, pá",1.3
"Fiambre, peito de frango",2.8
"Fiambre, peito de peru",2.6
"Fiambre, perna",1.2
Fígado de galinha,0
"Fígado de porco, cru",0
"Fígado de porco, frito com margarina e banha",0
"Fígado de porco, frito, sem molho",0
"Fígado de porco, grelhado",0
"Fígado de vaca, cru",2.1
"Fígado de vaca, frito, sem molho",2.5
"Fígado de vitela, cru",1.5
"Fígado de vitela, frito com banha e manteiga",1.7
"Fígado de vitela, frito, sem molho",1.5
"Fígado de vitela, grelhado",1.9
Figo (5 variedades),16.3
Figo cristalizado,71.2
Figo seco,58.3
Filetes de bacalhau fritos,5.1
Fisális,11.7
Flocos de arroz,83.4
Flocos de aveia,61.7
Flocos de centeio,69
"Flocos de cereais e frutos secos tipo ""Muesli""",69.1
Flocos de cevada,64.4
"Flocos de milho tipo ""Corn Flakes""",81.1
Flocos de trigo,69
"Flocos de trigo com figos tipo ""Nestum""",76.3
"Flocos de trigo com mel tipo ""Nestum""",84.6
"Flocos de trigo e arroz enriquecidos com vitaminas, cálcio e ferro",79.2
"Flocos de trigo integral tipo ""All-Bran Flakes""",64.2
Flor de sal,0
Folhas de rabanete cruas,3.9
Framboesa,5.1
Framboesa desidratada,30.9
"Francesinha, com molho",6.5
"Frango (1/4) peito e asa com pele, cozidos",0
"Frango (1/4) peito e asa com pele, estufados com azeite e margarina",1.7
"Frango (1/4) peito e asa com pele, estufados com margarina",1.7
"Frango (1/4) peito e asa com pele, estufados sem molho",0
"Frango (1/4) peito e asa com pele, grelhados",0
"Frango (1/4) perna com costa e pele, assada sem molho",0
"Frango (1/4) perna com costa e pele, cozida",0
"Frango (1/4) perna com costa e pele, estufada com azeite e margarina",1.7
"Frango (1/4) perna com costa e pele, estufada com margarina",1.7
"Frango (1/4) perna com costa e pele, estufada sem molho",0
"Frango (1/4), peito e asa com pele, crus",0
"Frango (1/4), perna com costa e pele, crua",0
"Frango (1/4), perna com costa e pele, grelhada",0
"Frango inteiro com pele, assado sem molho",0
"Frango inteiro com pele, cozido",0
"Frango inteiro com pele, cru",0
"Frango inteiro com pele, estufado com azeite e margarina",1.8
"Frango inteiro com pele, estufado com margarina",1.8
"Frango inteiro com pele, estufado sem molho",0
"Frango inteiro com pele, grelhado",0
"Frango inteiro sem pele, cozido",0
"Frango inteiro sem pele, cru",0
"Frango inteiro sem pele, estufado com azeite e margarina",1.7
"Frango inteiro sem pele, estufado com margarina",1.7
"Frango inteiro sem pele, estufado sem molho",0
"Frango inteiro sem pele, grelhado",0
"Frango, pele crua",0
Funcho fresco,2.6
"Galinha de angola com pele, crua",0
Gamba crua,0
Garoupa cozida,0
Garoupa crua,0
Garoupa grelhada,0
Gelado caseiro com bolachas e natas,36.5
Gelado caseiro com palitos la Reine,28.7
Gelado de água (sorvete),32.6
Gelado de leite,21.7
Gelatina desidratada (pó ou folha),0
Gelatina preparada com ananás em conserva,21.6
Gelatina preparada com laranja e sumo de laranja,17.4
Geleia de casca de laranja,68
"Gema de ovo de galinha, crua",0
"Gema de ovo de galinha, pasteurizada",1.3
Gengibre fresco,15.8
Gérmen de trigo,41.8
Gin - Rum- Whisky,0
Ginja,11.5
"Goiaba crua, polpa",5
"Goraz assado com cebola, tomate, azeite e óleo alimentar",1.5
Goraz cozido,0
Goraz cru,0
Goraz grelhado,0
Goraz no forno,0.7
Grão-de-bico cozido (demolhado),16.7
Grão-de-bico cru,51.4
Grelos de couve cozidos,1.5
Grelos de couve crus,2.5
Grelos de nabo cozidos,1.3
Grelos de nabo crus,2.3
Gressino,67
Groselha,5
Hambúrguer de feijão manteiga frito com azeite,19.8
Hambúrguer de feijão manteiga frito com óleo de milho,19.8
"Hambúrguer de peru, frito",3
"Hambúrguer de porco, frito, sem molho",0
"Hambúrguer de porco, grelhado",0
"Hambúrguer de vaca, cru",0
"Hambúrguer de vaca, frito ",1.2
"Hambúrguer de vaca, grelhado",0
Hortelã fresca,5.3
"Imperador assado com cebola, tomate, azeite e óleo alimentar",1.4
Imperador cozido,0
Imperador cru,0
Imperador grelhado,0
Inhame cru ,25.7
"Iogurte gordo, aromatizado, açucarado ",8.5
"Iogurte gordo, com polpa e/ou pedaços de fruta e cereais açucarado",15.8
"Iogurte gordo, com polpa e/ou pedaços de fruta, açucarado ",12.4
Iogurte grego com fruta açucarado,13.7
Iogurte grego magro natural ,3.9
Iogurte grego natural,4.8
"Iogurte líquido magro, aromatizado, açucarado ",11.6
"Iogurte líquido meio gordo, aromatizado, açucarado ",11.5
"Iogurte líquido meio gordo, natural, açucarado",11.2
"Iogurte magro, aromatizado, açucarado ",11.8
"Iogurte magro, com cereais e edulcorantes",5.7
"Iogurte magro, natural ",5.2
"Iogurte magro, natural, com edulcorantes ",6.3
"Iogurte meio gordo, aromatizado, açucarado",11.3
"Iogurte meio gordo, com polpa e/ou pedaços de fruta, açucarado",14.6
"Iogurte meio gordo, natural",5
"Iogurte meio gordo, natural, açucarado ",13.1
"Iogurte sem lactose enriquecido em proteína, magro, aromatizado, com pedaços e/ou polpa de fruta, açucarado",9.7
"Iogurte sem lactose líquido, magro, aromatizado, com polpa de fruta, açucarado",16
"Iogurte sem lactose líquido, magro, aromatizado, com polpa de fruta, com edulcorantes",5
"Iogurte sem lactose líquido, meio gordo, aromatizado, açucarado",11.8
"Iogurte sem lactose líquido, meio gordo, aromatizado, com polpa de fruta, açucarado",12.5
"Iogurte sem lactose líquido, meio gordo, natural, açucarado",11.7
"Iogurte sem lactose magro, aromatizado, com pedaços e/ou polpa de fruta, com edulcorantes",4.8
"Iogurte sem lactose magro, natural",5
"Iogurte sem lactose meio gordo, aromatizado, açucarado",12
"Iogurte sem lactose meio gordo, aromatizado, com frutos secos e cereais, açucarado",16.1
"Iogurte sem lactose meio gordo, aromatizado, com pedaços e/ou polpa de fruta, açucarado",13.6
"Iogurte sem lactose meio gordo, natural",4.5
"Iogurte sem lactose meio gordo, natural, açucarado",12.2
Jarrete de porco,0.1
Javali cru,0
Jesuíta,54
Lagosta cozida,0.2
Lagosta crua,0.1
Lagostim cozido,0.2
Lagostim cru,0.2
Lampreia crua,0.1
Lapas cruas,0.6
Laranja (3 variedades),8.9
Lasanha à bolonhesa,9.2
Lebre crua,0
Leite condensado,56.4
Leite creme,19.5
Leite de cabra cru,4.6
"Leite de coco, enlatado",2.8
Leite de ovelha cru,4.2
Leite evaporado,9.8
"Leite fermentado (Bifidus) gordo, natural",4.5
"Leite fermentado (Bifidus) sem lactose enriquecido com fibra, magro, aromatizado, com pedaços e/ou polpa de fruta, com sementes e/ou cereais, com frutos secos e/ou de casca rija, com edulcorantes ",6.6
"Leite fermentado (Bifidus) sem lactose líquido, meio gordo, aromatizado, com pedaços e/ou polpa de fruta, açucarado",11
"Leite fermentado (Bifidus) sem lactose magro, natural, com edulcorantes",6.2
"Leite fermentado (Bifidus) sem lactose, gordo, natural",4.8
"Leite fermentado (Bifidus) sem lactose, magro, aromatizado, com pedaços e/ou polpa de fruta e/ou hortícolas, açucarado, com edulcorantes",8.2
"Leite gordo especial, pasteurizado ",4.8
"Leite gordo sem lactose, enriquecido com vitaminas A, D, E e B9 (ácido fólico), UHT",4.6
"Leite gordo, pasteurizado",4.7
"Leite gordo, pó",38.7
"Leite gordo, UHT",4.7
Leite humano,7.5
"Leite humano, colostro",6.3
"Leite humano, transição",6.6
"Leite magro de pastagem, UHT ",4.9
"Leite magro sem lactose, UHT",5.1
"Leite magro, pó",52.7
"Leite magro, UHT",4.9
"Leite meio gordo aromatizado, UHT ",7.9
"Leite meio gordo de pastagem, UHT",5
"Leite meio gordo sem lactose, UHT",5.1
"Leite meio gordo, pó",45.6
"Leite meio gordo, UHT",4.9
Lentilhas secas cozidas (demolhadas),16.7
"Lentilhas vermelhas, secas, cruas",46.6
"Lentilhas, secas, cruas",47.6
Lichia fresca,14.8
Licor beneditino,34.8
Licor de anis,36
Licor de ginja,19
Licor simples,24.4
Lima,1.7
Limão,1.9
Língua de porco crua,0
"Língua de vaca, crua",0
"Língua de vaca, estufada, sem molho",0
Linguado cru,0
Linguado frito,2.7
Linguado grelhado,0
Linguiça,0
Lombo de porco assado,0.2
Lombo de porco assado com azeite e margarina,0.2
Lombo de porco assado com margarina,0
Lombo de porco assado com óleo alimentar e margarina,0.2
"Lombo de porco assado, sem molho",0
Lombo de porco cru,0
Lombo de porco frito,0
Lombo de porco frito com manteiga,0
Lombo de porco frito com margarina,0
Lombo de porco frito panado,8.5
Lombo de porco grelhado,0
Lombo de vaca magro assado com azeite e margarina,0
"Lombo de vaca magro assado com azeite, manteiga e óleo alimentar",0
Lombo de vaca magro assado com margarina,0
Lombo de vaca magro assado com óleo alimentar e margarina,0
"Lombo de vaca magro assado, sem molho",0
Lombo de vaca magro cru,0
"Lombo de vaca magro no forno, com tomate, cebola, cenoura e alho",2.5
Lombo de vitela assado com azeite e margarina,0.2
"Lombo de vitela assado com azeite, margarina e óleo alimentar",0.2
Lombo de vitela assado com margarina e óleo alimentar,0.2
"Lombo de vitela assado, sem molho",0
Lombo de vitela cru,0
Lombo de vitela frito com margarina,0
"Lombo de vitela frito, sem molho",0
Lombo de vitela grelhado,0
Lombo ou pá de cavalo assado com azeite e manteiga,0.1
Lombo ou pá de cavalo assado com margarina,0.1
"Lombo ou pá de cavalo assado, sem molho",0
Lombo ou pá de cavalo cru,0
Lombo ou pá de cavalo frito com manteiga,0
Lombo ou pá de cavalo frito com margarina,0
Lula crua,0
"Lula estufada com cebola, tomate e azeite",2.9
Lula grelhada,0
Maçã (média com e sem casca),13.1
Maçã assada com açúcar,23.9
Maçã assada sem açúcar,15.7
Maçã com casca,13.4
Maçã cozida com açúcar,17
Maçã cozida sem açúcar,10.5
Maçã desidratada,74.5
Maçã seca,57.1
Maçã sem casca,12.7
Madalena,54.7
"Maionese caseira, com ovo e azeite",0
"Maionese caseira, com ovo e óleo de soja",0
Malagueta vermelha fresca,4.3
Mandioca crua,33.8
Manga,11.7
Manga desidratada,67.4
Manjericão fresco,5.1
Manjericão seco,10
Manjerona seca,42.5
Manteiga com sal,0.7
Manteiga sem sal,0.7
Maracujá,5.7
Margarina,0.4
"Margarina 3/4, de girassol",0.3
"Margarina culinária para folhados, com sal",0.4
"Margarina industrial para pastelaria, com sal",0.4
"Margarina vegetal culinária, 80% gordura, com sal",0.4
"Margarina vegetal culinária, com alho e sal",4.4
Marmelada,69.7
Marmelo,9.3
Maruca cozida,0
Maruca crua,0
Massa com ovo cozida,13.3
Massa com ovo crua,67.6
Massa de pimentão,4.4
"Massa folhada, congelada",31.8
Massa miúda crua,70
Massa para lasanha cozida,22.6
Massa para lasanha crua,71.4
Massa para pizza,52.5
Massa quebrada para quiche,52.4
Meia-desfeita de bacalhau,14.8
Mel,78
Mel de cana,77.4
Melaço,66.6
Melancia,5.5
Melão (3 variedades),5.7
Meloa,4.2
Merengue,83
Mexilhão cozido sem sal,2.8
Mexilhão cru,2
Milho doce em conserva,18.4
"Milho, amido (pó)",90.2
"Milho, grão seco cru",70.3
"Millet, cru, seco",71.2
Minarina (meia margarina),0.4
Mirtilo,6.4
Mirtilo desidratado,46.8
"Miso, pasta de soja fermentada com arroz integral e cevada",15.1
"Molho ""Béchamel"" com manteiga",9.6
"Molho ""Béchamel"" com margarina",9.9
Molho branco com caldo de carne de vaca,6.8
Molho branco com margarina,18.5
Molho de bife frito com manteiga,0.4
Molho de carne de vaca assada com azeite e margarina,0.3
Molho de carne de vaca assada com margarina,0.4
Molho de carne de vaca estufada com azeite e margarina,0.4
"Molho de carne de vaca estufada com vegetais, azeite e margarina",1.3
Molho de lombo de porco frito com banha,0
Molho de lombo de porco frito com banha e margarina,0.1
Molho de lombo de porco frito com margarina,0.2
Molho de lombo de vaca frito com creme vegetal sem sal,0.2
Molho de lombo de vaca frito com margarina,0.2
Molho de mostarda ,18
Molho de soja,17.3
Molho de tomate,4.9
"Molho de tomate, ""ketchup""",26.9
Molho de vinagrete,0.2
Molho para francesinha,4.8
Molho verde,2.3
Morango,5.3
Morango desidratado ,50.9
Morcela crua,12
Morcela grelhada sem adição de sal,13.1
Mortadela,1.7
Mousse de chocolate,31
"Múcua (fruto do embondeiro, baobab)",16.3
Nabiça crua,1.2
Nabo (raiz) cozido,2.3
Nabo (raiz) cru,3
Nata maturada pasteurizada 30% gordura,2.7
Nata para bater pasteurizada 34% gordura,2.1
Nata pasteurizada 33% gordura,2.9
Nata pasteurizada 36% gordura,1.9
"Nata pasteurizada para café, 15% gordura",2.4
Nata UHT 35% gordura,3.1
"Néctar de ""tutti - frutti""",10.8
Néctar de alperce,12.9
Néctar de ananás,10.5
Néctar de laranja,9.6
Néctar de maçã,11.3
"Néctar de maçã, ""light""",4.6
Néctar de pera,11
Néctar de pêssego,11.7
"Néctar de pêssego, ""light""",3.5
Nectarina,8.7
Nêspera,10.2
Noz macadâmia,5.1
Noz pecan,5.4
"Noz, miolo",3.6
Noz-moscada,28.5
"Óleo ""Becel""",0
Óleo alimentar,0
Óleo de amendoim,0
Óleo de coco,0
Óleo de girassol,0
Óleo de linhaça,0
Óleo de palma,0
Óleo de soja,0
Óleos de milho,0
Omelete,0.2
Omelete com manteiga,0
Omelete com margarina,0
Orégão seco,26.4
"Orelha de porco, crua",0.3
"Ostra, crua",3.9
Ovas de bacalhau cruas,0
Ovas de pescada cruas,0
"Ovo de codorniz, cru",0.4
"Ovo de galinha inteiro, cru",0.5
"Ovo de galinha líquido, pasteurizado",0
"Ovo de galinha, cozido",
"Ovo de galinha, escalfado",0
"Ovo de galinha, estrelado",0
"Ovo de galinha, estrelado com azeite",0
"Ovo de galinha, estrelado com manteiga",0
"Ovo de galinha, estrelado com margarina",0
"Ovo de galinha, mexido com manteiga",0
"Ovo de galinha, mexido com margarina",0
Ovo mexido com leite e margarina,0.9
"Pá de carneiro assada, sem molho",0
"Pá de carneiro, assada com azeite e margarina",0
"Pá de carneiro, assada com margarina",0
"Pá de carneiro, cozida",0
"Pá de carneiro, crua",0
"Pá de carneiro, estufada sem molho",0
Pá de vitela crua,0.3
Paio de lombo,0
Paio de lombo entremeado,0
Pão de centeio,56.4
Pão de centeio integral,41.3
"Pão de forma, de trigo com passas",58.3
"Pão de forma, de trigo enriquecido",54.5
Pão de leite (trigo),51.4
Pão de ló,62.2
Pão de milho,37.2
Pão de mistura de trigo e centeio,53.8
Pão de trigo,57.3
Pão de trigo integral,39.9
Pão de trigo integral com passas,44
Pão de trigo integral com sementes de sésamo,43.2
Pão de trigo integral com soja,38.2
Pão do coração (trigo),51
Pão pita,42.7
Pão ralado,71.6
Papaia,9.1
Papaia desidratada,73.3
"Pargo legítimo assado com cebola, tomate e azeite",1.4
Pargo legítimo cozido,0
Pargo legítimo cru,0
"Pargo mulato assado com cebola, tomate e azeite",1.4
Pargo mulato cozido,0
Pargo mulato cru,0
"Pasta de fígado de aves (paté), caseira ",4.6
Pasta de fígado de porco (paté),3.2
Pastel de bacalhau,12.3
Pastel de feijão,52
Pastel de nata,48.5
Pastel folhado,37.4
Pastilha elástica,75.1
"Pato com pele, assado sem molho",0
"Pato com pele, cru",0
"Pato sem pele, assado com margarina",0
"Pato sem pele, cru",0
"Pato sem pele, estufado com margarina",0
"Pé de porco, cru",0
Peito de cabrito cru,0
Peito de cabrito estufado com azeite e margarina,0.8
Peito de cabrito estufado com azeite e óleo alimentar,0.7
Peito de cabrito estufado com manteiga e óleo alimentar,0.8
Peito de cabrito estufado com margarina e óleo alimentar,0.8
"Peito de cabrito estufado, sem molho",0
Peito de cabrito grelhado,0
"Peito de carneiro gordo, cozido",0
"Peito de carneiro gordo, cru",0
"Peito de frango com pele, cozido",0
"Peito de frango com pele, cru",0
"Peito de frango com pele, estufado com azeite e margarina",1.7
"Peito de frango com pele, estufado com margarina",1.7
"Peito de frango com pele, estufado sem molho",0
"Peito de frango sem pele, cozido",0
"Peito de frango sem pele, cru",0
"Peito de frango sem pele, estufado com azeite e margarina ",1.7
"Peito de frango sem pele, estufado com margarina",1.7
"Peito de frango sem pele, estufado sem molho",0
"Peito de peru com pele, cru",0
"Peito de peru com pele, estufado com margarina",1.3
"Peito de peru sem pele, assado com margarina",0.1
"Peito de peru sem pele, cru",0
"Peito de peru sem pele, panado",8.4
Peito de vitela magro cozido,0
Peito de vitela magro cru,0
Peito de vitela magro estufado,0.6
Peito de vitela magro estufado com azeite e margarina,0.6
"Peito de vitela magro estufado com azeite, margarina e óleo alimentar",0.6
Peito de vitela magro estufado com margarina e óleo alimentar,0.6
"Peito de vitela magro estufado, sem molho",0
Peixe-espada-branco cru,0
Peixe-espada-branco frito,2.9
Peixe-espada-branco grelhado,0
Peixe-espada-preto cru,0
Peixe-espada-preto frito,3.2
Peixe-espada-preto grelhado,0
Peixinhos da horta,14.9
Pepino cru,1.7
Pera (5 variedades),9.4
Pera conserva em calda de açúcar,28.9
Pera cozida com açúcar,14.5
Pera cozida sem açúcar,7.8
Pera cristalizada,69.8
Pera desidratada,59.9
Percebes crus,0
Perdiz crua,0
Perdiz estufada com margarina,0.7
Perna de borrego no forno,0.4
Perna de cabrito assada com azeite e margarina,0.2
Perna de cabrito assada com óleo alimentar e margarina,0.2
"Perna de cabrito assada, sem molho",0
Perna de cabrito crua,0
"Perna de carneiro gorda, assada, sem molho",0
"Perna de carneiro gorda, crua",0
"Perna de carneiro gorda, estufada sem molho",0
Perna de carneiro magra assada com azeite e margarina,0
Perna de carneiro magra assada com margarina,0
"Perna de carneiro magra, assada, sem molho",0
"Perna de carneiro magra, crua",0
"Perna de carneiro magra, estufada com azeite e margarina",1.7
"Perna de carneiro magra, estufada com margarina",1.7
"Perna de carneiro magra, estufada sem molho",0
"Perna de frango sem pele, cozida",0
"Perna de frango sem pele, crua",0
"Perna de frango sem pele, estufada com azeite e margarina",1.6
"Perna de frango sem pele, estufada com margarina ",1.6
"Perna de frango sem pele, estufada sem molho",0
"Perna de peru com pele, assada com margarina",0
"Perna de peru com pele, crua",0
"Perna de peru com pele, estufada com margarina",1.3
Perna de porco gorda assada com azeite e margarina,0.2
Perna de porco gorda assada com margarina,0.2
Perna de porco gorda assada com óleo alimentar e margarina,0.2
"Perna de porco gorda assada, sem molho",0
Perna de porco gorda crua,0
Perna de porco gorda grelhada,0
Perna de porco magra assada com azeite e margarina,0.2
Perna de porco magra assada com margarina,0.2
Perna de porco magra assada com óleo alimentar e margarina,0.2
"Perna de porco magra assada, sem molho",0
Perna de porco magra crua,0
Perna de porco magra estufada com azeite e banha,0.7
Perna de porco magra estufada com azeite e margarina,0.7
Perna de porco magra estufada com margarina,0.7
Perna de porco magra estufada com óleo alimentar e banha,0.7
"Perna de porco magra estufada, sem molho",0
Perna de porco magra grelhada,0
"Peru inteiro com pele, cru",0
Pescada cozida (valor médio),0
Pescada crua (valor médio),0
Pescada da África do Sul cozida,0
Pescada da África do Sul crua,0
Pescada da África do Sul frita,1.7
Pescada do Chile cozida,0
Pescada do Chile crua,0
Pescada do Chile frita,2.6
Pescada europeia cozida,0
Pescada europeia crua,0
Pescada europeia frita,1.4
Pescada frita (valor médio),2.1
Pêssego (2 variedades),8.1
"Pêssego, conserva em calda de açúcar",20.6
Picanha grelhada,0
Picles de pepino,16.5
Pimenta branca,48.3
Pimenta moída,38.3
Pimenta preta,44.5
Pimento cru,2.7
Pimento grelhado,3.7
"Pinhão, miolo",5
Pistácio torrado e salgado,12.6
"Pistácio torrado, sem sal",12.6
Pizza de queijo e tomate,33.2
"Pizza de queijo, tomate e fiambre",29.2
Pó achocolatado com alto teor de gordura,70.6
Pó achocolatado com baixo teor de gordura,86.2
Polvo cozido sem sal,0
Polvo cru,0
Pombo cru,0
Pota crua,0
Preparado fermentado à base de soja (Vegurte),5.9
Presunto,0
Proteína texturizada de soja,17.2
Pudim de leite e ovos,44.8
Pudim flan caseiro,36.3
Pudim instantâneo em pó,79.4
Pudim instantâneo preparado com leite magro,18.3
Pudim instantâneo preparado com leite meio gordo,18.3
"Pulmões de porco, crus",0.2
Puré de batata,16.8
Queijada de queijo fresco,56.7
Queijada de queijo magro,55.4
Queijada de requeijão,40.8
Queijo Amarelo da Beira Baixa,1.5
Queijo Brie,0
Queijo Camembert,0.2
Queijo Cheddar,0.1
Queijo creme para barrar,6.9
"Queijo creme para barrar, alto teor polinsaturados",6.9
Queijo de Azeitão,2.6
"Queijo de cabra ""Pure chèvre""",2
"Queijo de cabra atabafado, curado",2.7
"Queijo de cabra atabafado, fresco",2.5
Queijo de cabra curado,2.5
Queijo de Castelo Branco,1.8
Queijo de Évora,2.1
"Queijo de mistura (vaca, cabra e ovelha)",2.4
Queijo de Nisa,2.6
Queijo de ovelha curado,2.4
"Queijo de ovelha, amanteigado",1.6
Queijo de vaca curado,1.2
"Queijo de vaca curado, magro",2.4
"Queijo de vaca curado, meio gordo",1.7
"Queijo de vaca, amanteigado",1.7
Queijo Emmental,0
Queijo flamengo,0.8
Queijo flamengo light (-50% gordura),0
Queijo fresco açucarado com sabor a fruta,11.6
Queijo fresco de cabra,2.1
Queijo fresco de ovelha,3.9
Queijo fresco magro,6.9
Queijo fresco meio gordo,2.7
Queijo fundido 40% gordura,0.2
Queijo Gouda,0
Queijo Gruyère,1.4
Queijo Mascarpone,0.3
Queijo Mestiço de Tolosa,1.8
Queijo Mozzarella fresco,1.3
Queijo Parmesão,0.1
Queijo Quark açucarado magro com sabor a fruta,10.8
Queijo Quark natural magro,4
Queijo Quark natural meio gordo,3.9
Queijo Raclette,0.4
Queijo Roquefort,0.2
Queijo São Jorge,2.5
Queijo Serpa,2.4
Queijo Serra da Estrela,2
"Queijo Serra da Estrela, velho",0.2
Queque,53.8
Quiabo cru,3.1
Quiche de espinafres,12.4
Quiche de vegetais,12.9
Quiche lorraine,23.5
"Quivi, ""Kiwi""",10.9
"Quivi, ""Kiwi"" desidratado",60.6
Rabanada,31.3
Rabanete cru,1.9
Rábano cru,10.7
Raia crua,0
"Rancho com carne de galinha, porco e vaca",6.5
Rancho com carne de porco,6.8
Rebentos de alfalfa crus,0.3
Rebentos de bambu crus,1.4
Rebentos de soja crus,5.8
Rebuçados,95
Requeijão de cabra,3.4
Requeijão de mistura (ovelha e cabra),3.7
"Requeijão de mistura (vaca, ovelha e cabra)",4.9
Requeijão de ovelha,3.8
Requeijão de vaca,5.8
"Rim de carneiro, cru",0
"Rim de carneiro, frito com margarina",0
"Rim de porco, cru",0
"Rim de porco, frito com margarina",0
"Rim de vaca, cru",0
Rissol,31.8
Rissol de camarão,26.6
Rissol de carne com manteiga,19.8
Rissol de carne com margarina,19.7
"Robalo assado com cebola, azeite, banha e manteiga",0.6
Robalo cozido,0
Robalo cru,0
Robalo grelhado,0
Rojões de carne gorda,0.8
Rojões de carne magra,8.7
Romã,12
Rúcula crua,2.2
Safio cru,0
Sal,0
Salada de alface e tomate temperada com azeite e vinagre,2.6
Salada de atum,8.4
Salada de bacalhau com grão,7.6
Salada russa,5.6
Salame,1.3
Salicórnia fresca,1.1
Salmão cozido,0
Salmão cru,0
Salmão grelhado,0
Salmonete cru,0.1
Salpicão,0
Salsa fresca,0.4
Salsa seca,14.5
Salsicha de soja,0.6
Salsicha fresca crua,0
Salsicha fresca estufada com couve e azeite,1.1
Salsicha fresca estufada com legumes e azeite,3.7
Salsicha tipo Frankfurt,2.4
Salsicha tipo Frankfurt frita (escorrido o óleo) sem adição de sal,2.8
Salsicha tipo Frankfurt grelhada sem adição de sal,3.2
"Sangue de porco, cru",0.4
Sapateira crua,0
Sarda cozida,0
Sarda crua,0
Sarda grelhada,0
Sardinha frita,8.7
Sardinha gorda crua,0
Sardinha gorda frita,3.5
Sardinha gorda grelhada,0
"Sardinha meio gorda conserva em água, sem espinha e sem pele",0
Sardinha meio gorda conserva em azeite,0
Sardinha meio gorda conserva em azeite (escorrido),0
Sardinha meio gorda crua,0
Sardinha meio gorda frita,0.5
Sardinha meio gorda grelhada,0
Seitan,5.4
"Sementes de abóbora, cruas, secas, miolo",10
Sementes de cânhamo secas,2.4
Sementes de chia,4.6
Sementes de coentro,16.2
"Sementes de girassol, cruas, secas, miolo",8.3
Sementes de linhaça cruas,18.1
Sementes de melão,9
Sementes de mostarda,15.9
Sementes de papoila,13.7
Sementes de sésamo,6.4
Sêmola de milho,73.8
Shortening para pastelaria,0
Shortening para restaurante,0
Sidra (vinho de maçã),2.3
Sobremesa à base de soja,15.8
Soja cozida sem sal,5.6
"Soja, farinha com baixo teor de gordura",21.8
"Soja, grão seco, cru",18.3
Solha crua,0
Solha frita,8.9
Solha grelhada,0
Sonhos,29.2
Sopa à lavrador,7.6
Sopa de abóbora,4
Sopa de agrião,4.2
Sopa de agrião com leite,5.3
Sopa de agrião com requeijão,2
Sopa de carne de porco,7.3
Sopa de cebola,5.4
Sopa de cenoura,4.4
Sopa de couve-branca,5.4
Sopa de couve-lombarda,5.3
Sopa de cozido,2.9
Sopa de ervilhas,6.4
Sopa de espinafres,4.8
Sopa de espinafres com ovos,4.7
Sopa de favas,6.4
Sopa de feijão,4.1
Sopa de feijão-branco com couve-portuguesa,4.9
Sopa de feijão-manteiga,8.7
Sopa de feijão-manteiga com couve-lombarda,3.5
Sopa de feijão-verde,3.5
Sopa de feijão-verde e cenoura,5.8
Sopa de feijão-verde e nabo,3.4
Sopa de grão à moda da avó,15.1
"Sopa de grão com arroz, espinafres e coentros",5.3
Sopa de grão com espinafres ,7
Sopa de grão com espinafres sem arroz,5.1
Sopa de nabiças (ou de grelos de nabo),5.8
Sopa de peixe ,1.3
Sopa de peixe com massa,5.8
Sopa de tomate,4.4
Sopa de vegetais,1.2
Sopa juliana,4.3
"Sopa, caldo verde",5.3
"Sopa, canja de galinha",5.8
"Sopa, creme de cenoura",4.4
"Sopa, puré de feijão",4.5
"Sopa, puré de vegetais",5.5
Sucedâneo de café (pó) (2 marcas),81
Sucedâneo de café (pó) com 20% de café,77
Sultanas,69.4
"Sumo de ananás, 100%",9.5
"Sumo de ananás, concentrado",64.7
"Sumo de laranja, 100% ",9.5
"Sumo de laranja, concentrado",64.9
"Sumo de limão, fresco (espremido)",1.5
"Sumo de maçã, 100%",9.9
"Sumo de pêssego, 100%",11.5
"Sumo de tomate, 100%",3.5
Tahini ,11.6
Tâmara fresca ,33.2
Tâmara seca,67.3
Tamarilho sem pele,4.6
Tamarindo cru,54.9
Tamboril cru,0
Tamboril grelhado,0
Tângera,7.8
Tangerina,8.7
Tapioca,87.5
Tarte de maçã,29.3
Tarte de maçã e pêssego,36.7
"Tisana, infusão de ervas",0.2
Tofu frito com azeite,1.1
Tofu frito com óleo de milho,1.1
Tofu simples,0.7
Tomate cherry cru,4
Tomate concentrado,14.3
Tomate cru,3.5
Tomate em conserva ao natural,3.2
Tomilho fresco,7.4
Tomilho seco,45.3
Toranja,6
Torta de chocolate e chantilly,29.6
Tosta de trigo,69.7
Tosta de trigo integral,62.6
Tosta de trigo sem sal,72.7
Tosta de trigo simples,72.7
"Toucinho  de porco entremeado ligeiramente salgado, cozido sem adição de sal",0
"Toucinho de porco entremeado fresco, cru",0
"Toucinho de porco entremeado fresco, grelhado sem adição de sal",0
"Toucinho de porco entremeado ligeiramente salgado, cru",0
Toucinho de porco entremeado magro,0.5
"Tremoço cozido, sem sal",7.2
"Tremoço, cozido e salgado",7.2
Trigo Sarraceno (grão) cru,61.3
Tripa de porco fresca,0
Tripa de vaca crua,0.1
Truta arco-íris crua,0
Truta arco-íris grelhada,0
Túbera (trufa) crua,14.5
"Uva (média, branca e tinta)",18
Uva branca (5 variedades),17.3
Uva seca (passas),67
Uva tinta (5 variedades),18.6
Vaca assada,0
Vaca assada com azeite e margarina,0
Vaca assada com margarina,0
Vaca assada com óleo alimentar e margarina,0
"Vaca assada, sem molho",0
Vaca magra cozida,0
Vaca magra estufada,1.2
Vaca magra estufada à jardineira,11.4
Vaca magra estufada com azeite e margarina,1.2
Vaca magra estufada com margarina,1.2
Vaca magra estufada com óleo alimentar e margarina,1.2
"Vaca magra estufada, sem molho",0
Vaca meio gorda estufada,1.2
Vaca meio gorda estufada com azeite e margarina,1.2
Vaca meio gorda estufada com margarina,1.2
Vaca meio gorda estufada com óleo alimentar e margarina,1.2
"Vaca meio gorda estufada, sem molho",0
Vaca para assar crua,0
Vaca para cozer ou estufar magra crua,0
Vaca para cozer ou estufar meio gorda crua,0
Veado cru,0
"Vieira, crua",0
Vinagre,0.6
Vinho espumante doce,12
Vinho espumante extra bruto,0.1
Vinho espumante meio Seco,4.2
Vinho espumante seco,2.6
Vinho generoso da Madeira,9
"Vinho generoso do Porto, doce",14
"Vinho generoso do Porto, meio seco",6.5
"Vinho generoso do Porto, seco",4
Vinho maduro branco,1.2
Vinho maduro palhete,0.1
Vinho maduro tinto,0.2
Vinho rosé,2.4
Vinho verde branco,0.1
Vinho verde tinto,0.3
"Wasabi, raiz crua",15.8
